client,date,charge,street address,city,State,zip code,BRAZOS CO ESD 1,HEARNE,MONTGOMERY CO ESD 7,E MONT CO IMP DIST A,TEXAS,BRAZOS,COLLEGE STATION
Alice,01/12/2025,10000.00,3821 Stoney Creek Lane,College Station,TX,77845,0.00,0.00,0.00,0.00,625.00,50.00,150.00
Bill,01/16/2025,20000.00,602 Plano Dr,College Station,TX,77845,0.00,0.00,0.00,0.00,1250.00,100.00,300.00
Aaron,01/06/2025,22679.00,7010 Palomino Rd,College Station,TX,77845,340.19,0.00,0.00,0.00,1417.44,113.39,0.00
Will,01/19/2025,3180.00,1109 Wheelock St,Hearne,TX,77859,0.00,63.60,0.00,0.00,198.75,0.00,0.00
Dad,01/15/2025,10063.00,22006 Pinebrook Dr,New Caney,TX,77357,0.00,0.00,50.31,150.94,628.94,0.00,0.00
Stephen,01/13/2025,2209.00,6208 Raleigh Dr,College Station,TX,77845,0.00,0.00,0.00,0.00,138.06,11.04,33.13
Alice,01/22/2025,10870.00,3821 Stoney Creek Lane,College Station,TX,77845,0.00,0.00,0.00,0.00,679.38,54.35,163.05
